{
  "name": "evalApply",
  "displayName": "evalApply",
  "evalApply": [
    {
      "lastName": "COLSON",
      "firstName": "Jean Fran\u00e7ois",
      "address": "4 cours d'Ormesson 51000 CHALONS EN CHAMPAGNE",
      "city": "51000 CHALONS EN CHAMPAGNE",
      "personalPhone": "03 26 64 13 72",
      "mobilePhone": "06 43 94 07 95",
      "email": "colson.jean francois@wanadoo.fr"
    },
    {
      "lastName": "mecavea",
      "personalPhone": "02 43 39 22 10",
      "professionalPhone": "02 43 87 57 39"
    },
    {
      "lastName": "MAUJEAN",
      "firstName": "Marie Noelle",
      "address": "6 place Maurice Utrillo 51100 REIMS",
      "city": "51100 REIMS",
      "personalPhone": "03 26 36 18 56",
      "email": "marie noelle.maujean@hotmail.com"
    },
    {
      "lastName": "APAVE"
    },
    {
      "lastName": "FERRETTE",
      "firstName": "Graziella",
      "address": "19 rue des Elus 51100 REIMS",
      "city": "51100 REIMS",
      "personalPhone": "03 26 47 83 76",
      "mobilePhone": "06 37 81 68 20",
      "email": "graziella.ferrette@gmail.com"
    },
    {
      "lastName": "LAMBERT",
      "firstName": "Nathalie",
      "address": "21 rue Porte Mur\u00e9e 51000 CHALONS EN CHAMPAGNE",
      "city": "51000 CHALONS EN CHAMPAGNE",
      "personalPhone": "03 26 22 52 46",
      "mobilePhone": "06 79 58 06 19",
      "email": "natlambert@free.fr"
    },
    {
      "lastName": "DEVILLE GILLES",
      "firstName": "Georgette",
      "address": "10 rue de l'Hermoine 51110 FRESNE LES REIMS",
      "city": "51110 FRESNE LES REIMS",
      "personalPhone": "09 75 67 98 05",
      "mobilePhone": "06 71 86 69 37",
      "email": "georgette.gilles@wanadoo.fr"
    },
    {
      "lastName": "GOHIER",
      "firstName": "Christine",
      "address": "98 rue Michel Simon 51100 REIMS",
      "city": "51100 REIMS",
      "personalPhone": "03 26 36 84 86",
      "mobilePhone": "06 74 56 05 69",
      "email": "christinesimone@free.fr"
    },
    {
      "lastName": "JANSSENS",
      "firstName": "Ludo",
      "address": "66 De Steenzager 5506 GJ VELDHOVEN",
      "city": "5506 GJ VELDHOVEN",
      "personalPhone": "314 02 53 84 06",
      "mobilePhone": "316 40 14 31 06",
      "email": "ludoperegrinus@gmail.com"
    },
    {
      "lastName": "DELMO",
      "address": "Saint bonet de mure",
      "city": "Saint bonet de mure",
      "personalPhone": "04 72 48 30 00",
      "professionalPhone": "04 72 48 35 11"
    },
    {
      "lastName": "BROCHET",
      "firstName": "Agnes",
      "address": "3, rue Nicolas Roland 51100 REIMS",
      "city": "51100 REIMS",
      "personalPhone": "03 26 82 73 99",
      "email": "brochet.agnes@wanadoo.fr"
    },
    {
      "lastName": "GERARDIN",
      "firstName": "Bernard",
      "address": "8 rue de la retourne 08310 MONT ST REMY",
      "city": "08310 MONT ST REMY",
      "personalPhone": "03 24 30 37 64",
      "email": "anne.dhuicq@laposte.net"
    },
    {
      "lastName": "SAMSUNG",
      "personalPhone": "08 25 88 17 35"
    },
    {
      "lastName": "BERRODIER",
      "firstName": "Jean Pierre",
      "address": "18, rue de la Liberation 51800 SAINTE MENEHOULD",
      "city": "51800 SAINTE MENEHOULD",
      "personalPhone": "03 26 60 24 67",
      "mobilePhone": "06 77 03 51 60",
      "email": "jeapierre.berrodier@orange.fr"
    },
    {
      "lastName": "BROUART",
      "firstName": "Francois",
      "address": "3, rue du Bauchet 51460 L'EPINE",
      "city": "51460 L'EPINE",
      "personalPhone": "+",
      "mobilePhone": "06 87 61 81 92",
      "email": "francois.brouart@gadz.org"
    },
    {
      "lastName": "SPANNEUT",
      "firstName": "Helene",
      "address": "1, rue de Cauroy 51220 VILLERS FRANQUEUX",
      "city": "51220 VILLERS FRANQUEUX",
      "personalPhone": "03 26 61 57 57",
      "mobilePhone": "06 82 30 14 59",
      "email": "ln.spanneut@orange.fr"
    },
    {
      "lastName": "FLAMENT",
      "firstName": "Maryvonne",
      "address": "21 rue du Mont Cliquot 51500 TAISSY",
      "city": "51500 TAISSY",
      "personalPhone": "03 26 82 20 68",
      "mobilePhone": "06 83 36 47 52"
    },
    {
      "lastName": "Airwell WESPER",
      "personalPhone": "02 32 37 72 50",
      "professionalPhone": "02 32 32 55 13",
      "mobilePhone": "06 33 96 26 40"
    },
    {
      "lastName": "DARDENNE",
      "firstName": "Gis\u00e8le",
      "address": "132 Ch\u00e9e de l'Europe 5660 CUL DES SARTS  Belgique",
      "city": "5660 CUL DES SARTS  Belgique",
      "personalPhone": "32 60 37 76 87",
      "mobilePhone": "324 72 34 19 26",
      "email": "gdardenne@hotmail.fr"
    },
    {
      "lastName": "MAGUET",
      "firstName": "Daniel",
      "address": "16 rue des Coutures 51100 REIMS",
      "city": "51100 REIMS",
      "personalPhone": "03 26 79 69 41",
      "mobilePhone": "06 72 82 14 13",
      "email": "daniel.maguet0805@orange.fr"
    },
    {
      "lastName": "BOBER",
      "firstName": "Fran\u00e7oise",
      "address": "22B rue Vercing\u00e9torix 51100 REIMS",
      "city": "51100 REIMS",
      "personalPhone": "03 26 78 12 98",
      "email": "bofra51@orange.fr"
    },
    {
      "lastName": "CLAISSE",
      "firstName": "Jean Jacques",
      "address": "79 rue de Reuil 51700 VILLERS SOUS CHATILLON",
      "city": "51700 VILLERS SOUS CHATILLON",
      "personalPhone": "03 26 58 04 19",
      "mobilePhone": "06 60 48 69 18",
      "email": "jeanjacques.claisse@orange.fr"
    },
    {
      "lastName": "PASTORELLI",
      "firstName": "Roselyne",
      "address": "16bis rue Cl\u00e9menceau 51170 CRUGNY",
      "city": "51170 CRUGNY",
      "personalPhone": "03 26 97 41 85",
      "mobilePhone": "06 88 81 34 16",
      "email": "roselynepasto@wanadoo.fr"
    },
    {
      "lastName": "CLIM+",
      "personalPhone": "04 76 29 50 00",
      "professionalPhone": "04 76 29 50 09",
      "email": "climplus grenoble@saint gobain.com"
    },
    {
      "lastName": "GRIMONT",
      "firstName": "Evelyne",
      "address": "52 R\u00e9sidence les tamaris 51510 COMPERTRIX",
      "city": "51510 COMPERTRIX",
      "personalPhone": "03 26 21 75 16",
      "mobilePhone": "06 07 66 99 54",
      "email": "evelyne.grimont@laposte.net"
    },
    {
      "lastName": "FRIGERIO",
      "firstName": "Jean Marc",
      "address": "23, rue Jobert Lucas 51100 REIMS",
      "city": "51100 REIMS",
      "personalPhone": "09 62 50 76 46",
      "mobilePhone": "06 82 43 67 27",
      "email": "jean marc.frigerio@wanadoo.fr"
    },
    {
      "lastName": "ERRAHMANE",
      "firstName": "Regine",
      "address": "64, rue du Languedoc 51350 CORMONTREUIL",
      "city": "51350 CORMONTREUIL",
      "personalPhone": "03 26 05 04 59",
      "email": "regine errahmane@wanadoo.fr"
    },
    {
      "lastName": "BERTRAND",
      "firstName": "Patrick",
      "address": "44 rue de Verdun 51100 REIMS",
      "city": "51100 REIMS",
      "personalPhone": "03 26 07 09 14",
      "mobilePhone": "06 06 45 92 48",
      "email": "bertrand.robert0340@orange.fr"
    },
    {
      "lastName": "BOUXIROT",
      "firstName": "Serge",
      "address": "42, rue Prosper Merimee 51100 REIMS",
      "city": "51100 REIMS",
      "mobilePhone": "06 03 33 80 04",
      "email": "s.bouxirot@orange.fr"
    },
    {
      "lastName": "SAGUEZ",
      "firstName": "Alain",
      "address": "7 rue Alexandre Dumas 51100 REIMS",
      "city": "51100 REIMS",
      "mobilePhone": "06 80 38 99 97",
      "email": "alain.saguez@laposte.net"
    },
    {
      "lastName": "MONTALI",
      "firstName": "Antonio",
      "address": "257 route de Chateau Thierry 02200 BELLEU",
      "city": "02200 BELLEU",
      "personalPhone": "03 23 73 15 14",
      "mobilePhone": "06 26 05 87 09",
      "email": "antonio.montali@sfr.fr"
    },
    {
      "lastName": "NOIZET",
      "firstName": "Jean Pierre",
      "address": "10 rue Basse 08310 HAUVINE",
      "city": "08310 HAUVINE",
      "personalPhone": "03 24 30 30 07",
      "email": "jpnoizet@orange.fr"
    },
    {
      "lastName": "RICHARD",
      "firstName": "Serge",
      "address": "19 rue d'Alger 51100 REIMS",
      "city": "51100 REIMS",
      "personalPhone": "03 26 61 51 03",
      "mobilePhone": "06 73 61 11 46"
    },
    {
      "lastName": "DEMORTIER",
      "firstName": "R\u00e9gine",
      "address": "3 rue de rempart St Remy 02000 LAON",
      "city": "02000 LAON",
      "email": "demortier.regine@laposte.net"
    },
    {
      "lastName": "BOURGUET",
      "firstName": "Roland",
      "address": "6 rue du bout du val 51120 CHARLEVILLE",
      "city": "51120 CHARLEVILLE",
      "personalPhone": "03 26 81 17 70",
      "email": "roland.bourguet0645@orange.fr"
    },
    {
      "lastName": "ROSSE",
      "firstName": "Marc",
      "address": "67 rue Gosset 51100 REIMS",
      "city": "51100 REIMS",
      "mobilePhone": "06 17 18 28 79",
      "email": "marc.rosse@orange.fr"
    },
    {
      "lastName": "SAPIN",
      "firstName": "Evelyne",
      "address": "67 rue du Gal Gouraud 51400 MOURMELON LE GRAND",
      "city": "51400 MOURMELON LE GRAND",
      "mobilePhone": "06 83 59 62 68",
      "email": "e.sapin@orange.fr"
    },
    {
      "lastName": "LAHEYNE",
      "firstName": "Patrick",
      "address": "6 rue Claude Chappe 51420 WITRY LES REIMS",
      "city": "51420 WITRY LES REIMS",
      "personalPhone": "03 26 97 11 40",
      "mobilePhone": "06 38 69 32 64",
      "email": "patrick.laheyne@sfr.fr"
    },
    {
      "lastName": "PARANT",
      "firstName": "G\u00e9rard",
      "address": "1 all\u00e9e du jaillot 51110 BOURGOGNE",
      "city": "51110 BOURGOGNE",
      "personalPhone": "03 26 97 55 29",
      "mobilePhone": "06 01 33 11 62",
      "email": "bg.parant@orange.fr"
    },
    {
      "lastName": "FORTIN",
      "firstName": "Monique",
      "address": "30 rue des Moulins 51100 REIMS",
      "city": "51100 REIMS",
      "personalPhone": "03 51 08 63 15",
      "mobilePhone": "06 13 38 48 53"
    },
    {
      "lastName": "LEGOFF",
      "firstName": "Joelle",
      "address": "15, rue marteau 51100 REIMS",
      "city": "51100 REIMS",
      "personalPhone": "03 51 42 60 74",
      "mobilePhone": "06 85 19 98 97",
      "email": "legoffjoelle51@gmail.com"
    },
    {
      "lastName": "SIDER",
      "personalPhone": "05 56 89 81 70",
      "professionalPhone": "05 56 89 67 97"
    },
    {
      "lastName": "MAUER",
      "firstName": "Joachim",
      "address": "Dauner strasse 32 54552 MEHREN Allemagne",
      "city": "54552 MEHREN Allemagne",
      "personalPhone": "0049 65921527",
      "email": "joachim.mauer@email.de"
    },
    {
      "lastName": "MANNEBARTH",
      "firstName": "Fran\u00e7ois",
      "address": "14 rue du pressoir 51170 FISMES",
      "city": "51170 FISMES",
      "personalPhone": "03 26 48 09 34",
      "mobilePhone": "06 32 68 24 13",
      "email": "fran\u00e7ois.mannebarth@orange.fr"
    },
    {
      "lastName": "LAGACHE",
      "firstName": "Corinne",
      "address": "28, rue de la Liberation 51530 CHAVOT",
      "city": "51530 CHAVOT",
      "personalPhone": "03 26 54 26 34",
      "mobilePhone": "07 61 70 72 45",
      "email": "lagacheco@wanadoo.fr"
    },
    {
      "lastName": "CLASSINE",
      "firstName": "Christine",
      "address": "4 rue du commerce 51490 ST MARTIN L'HEUREUX",
      "city": "51490 ST MARTIN L'HEUREUX",
      "personalPhone": "03 26 03 70 27",
      "mobilePhone": "06 62 67 69 32",
      "email": "c.classine@gmail.com"
    },
    {
      "lastName": "HAMM",
      "firstName": "Christophe",
      "address": "7, avenue des Nelmonts 51420 WITRY LES REIMS",
      "city": "51420 WITRY LES REIMS",
      "personalPhone": "03 26 97 10 42",
      "mobilePhone": "06 12 05 18 25",
      "email": "cabinet.hamm@orange.fr"
    },
    {
      "lastName": "BERROT",
      "firstName": "Christian",
      "address": "17 rue de la Croix des Bouchers 51200 EPERNAY",
      "city": "51200 EPERNAY",
      "personalPhone": "03 26 55 08 97",
      "mobilePhone": "06 45 52 86 49",
      "email": "christian.berrot@orange.fr"
    },
    {
      "lastName": "ADAM",
      "firstName": "Claude",
      "address": "9 rue des lavoirs 51170 AOUGNY",
      "city": "51170 AOUGNY",
      "personalPhone": "03 26 61 80 71",
      "mobilePhone": "06 79 58 95 65",
      "email": "claude.adama@orange.fr"
    },
    {
      "lastName": "LEFROID",
      "personalPhone": "04 78 68 33 59",
      "professionalPhone": "04 78 68 77 82",
      "mobilePhone": "06 22 23 64 34"
    },
    {
      "lastName": "DACUNHA",
      "firstName": "Jos\u00e9",
      "address": "30 rue de la gare 51150 JALONS",
      "city": "51150 JALONS",
      "personalPhone": "03 26 63 83 86",
      "mobilePhone": "06 23 53 21 10",
      "email": "joseago@orange.fr"
    },
    {
      "lastName": "COSTES",
      "firstName": "Clotilde",
      "address": "31 Bd de la Paix 51100 REIMS",
      "city": "51100 REIMS",
      "mobilePhone": "06 80 66 09 04",
      "email": "costes@orange.fr"
    },
    {
      "lastName": "BAUDVIN",
      "firstName": "L\u00e9one",
      "address": "12 rue des marronniers 51520 SARRY",
      "city": "51520 SARRY",
      "personalPhone": "03 26 64 38 93",
      "email": "leoneba@gmail.com"
    },
    {
      "lastName": "KERLE",
      "firstName": "Agn\u00e8s",
      "address": "195, rue des capucins 51100 REIMS",
      "city": "51100 REIMS",
      "mobilePhone": "06 85 17 58 92",
      "email": "agneskerle@free.fr"
    },
    {
      "lastName": "Delmo",
      "personalPhone": "04 72 76 94 94"
    },
    {
      "lastName": "CHAUVIERE",
      "firstName": "Francis",
      "address": "27, rue Marlot 51100 REIMS",
      "city": "51100 REIMS",
      "personalPhone": "03 26 88 58 42",
      "mobilePhone": "06 80 67 03 53",
      "email": "fr.chauviere@orange.fr"
    },
    {
      "lastName": "CARDON",
      "firstName": "Daniel",
      "address": "46, rue Boudet 51100 REIMS",
      "city": "51100 REIMS",
      "personalPhone": "03 26 09 70 00",
      "mobilePhone": "06 74 34 30 69",
      "email": "daniel.cardon0265@orange.fr"
    },
    {
      "lastName": "CHRETIEN",
      "firstName": "G\u00e9rard",
      "address": "35 rue de la briqueterie 51100 REIMS",
      "city": "51100 REIMS",
      "personalPhone": "03 26 06 28 66",
      "mobilePhone": "06 43 62 10 32",
      "email": "gchretien@wanadoo.fr"
    },
    {
      "lastName": "DE GUERDAVID",
      "firstName": "Anne",
      "address": "9 villa saint fargeau 75020 PARIS",
      "city": "75020 PARIS",
      "personalPhone": "03 26 57 62 63",
      "mobilePhone": "06 28 98 38 22",
      "email": "annedeguerdavid@yahoo.fr"
    },
    {
      "lastName": "CHAUVIERE",
      "firstName": "Joelle",
      "address": "27, rue Marlot 51100 REIMS",
      "city": "51100 REIMS",
      "mobilePhone": "06 79 62 19 54",
      "email": "jo.chauviere@orange.fr"
    },
    {
      "lastName": "REXEL",
      "personalPhone": "04 74 38 42 33",
      "professionalPhone": "04 74 38 35 62"
    },
    {
      "lastName": "Aldes",
      "personalPhone": "02 32 19 50 50",
      "professionalPhone": "02 35 61 05 73"
    },
    {
      "lastName": "NEUVILLE",
      "firstName": "Nadine",
      "address": "21 rue Am\u00e9e 51110 LAVANNES",
      "city": "51110 LAVANNES",
      "personalPhone": "03 26 97 14 59",
      "mobilePhone": "06 99 28 52 56",
      "email": "nadine.neuville@laposte.net"
    },
    {
      "lastName": "PUM plastiques",
      "personalPhone": "04 37 03 24 10",
      "professionalPhone": "04 74 93 52 78",
      "email": "brjl@pumplastiques.com"
    },
    {
      "lastName": "GUY",
      "firstName": "Marie Odile",
      "address": "3 rue de la prison du baillage 51100 REIMS",
      "city": "51100 REIMS",
      "personalPhone": "03 26 04 16 26",
      "email": "mod3guy@orange.fr"
    },
    {
      "lastName": "CARRIER",
      "personalPhone": "04 72 25 21 21",
      "professionalPhone": "04 72 25 19 51"
    },
    {
      "lastName": "LEPORE",
      "firstName": "Nico",
      "address": "rue du pont de fer 62390 LILLERS",
      "city": "62390 LILLERS",
      "mobilePhone": "06 69 59 11 67",
      "email": "benoit.gressez@laposte.net"
    },
    {
      "lastName": "FERT",
      "firstName": "Vincent",
      "address": "21 rue Paul C\u00e9zanne 51000 CHALONS EN CHAMPAGNE",
      "city": "51000 CHALONS EN CHAMPAGNE",
      "personalPhone": "03 26 21 17 50",
      "mobilePhone": "06 51 48 73 07",
      "email": "fertvincent@orange.fr"
    },
    {
      "lastName": "ELIE",
      "firstName": "Mauricette",
      "address": "10 rue du Dr Baye 51480 DAMERY",
      "city": "51480 DAMERY"
    },
    {
      "lastName": "GRASSIN",
      "firstName": "Jean Pol",
      "address": "17 petite rue 10170 LES GRANDES CHAPELLES",
      "city": "10170 LES GRANDES CHAPELLES",
      "personalPhone": "03 25 37 68 95",
      "mobilePhone": "06 30 44 66 62",
      "email": "jpdavant@gmail.com"
    },
    {
      "lastName": "VASSEUR",
      "firstName": "Andr\u00e9e",
      "address": "2 e rue de Chevign\u00e9 51100 REIMS",
      "city": "51100 REIMS",
      "personalPhone": "03 26 40 69 08",
      "email": "andree m.vasseur@orange.fr"
    },
    {
      "lastName": "GRESSEZ",
      "firstName": "Benoit",
      "address": "1004 rue delalleau 62350 ROBECQ",
      "city": "62350 ROBECQ",
      "mobilePhone": "06 24 60 24 83",
      "email": "benoit.gressez@laposte.net"
    },
    {
      "lastName": "GAUTHIOT",
      "firstName": "Jacques",
      "address": "8 rue de l'aurore 51390 VILLE  DOMMANGE",
      "city": "51390 VILLE  DOMMANGE",
      "personalPhone": "03 26 49 24 46",
      "mobilePhone": "06 26 62 28 81",
      "email": "jacques.compo17@orange.fr"
    },
    {
      "lastName": "CUITOT",
      "firstName": "Marie Agn\u00e8s",
      "address": "21 rue de la fraternit\u00e9 51200 EPERNAY",
      "city": "51200 EPERNAY",
      "personalPhone": "03 26 54 64 10",
      "mobilePhone": "06 59 47 19 61",
      "email": "marieagnescuitot@yahoo.fr"
    },
    {
      "lastName": "THIBLET",
      "firstName": "Jean Marie",
      "address": "5 rue Larzilli\u00e8re 51110 FRESNE LES REIMS",
      "city": "51110 FRESNE LES REIMS",
      "personalPhone": "03 26 97 50 33",
      "mobilePhone": "06 74 79 82 27",
      "email": "jmthiblet@orange.fr"
    },
    {
      "lastName": "CIAT",
      "personalPhone": "04 79 42 42 42",
      "professionalPhone": "04 79 42 42 10"
    },
    {
      "lastName": "GARNON",
      "firstName": "Josiane",
      "address": "15 Rue Lucien Leger 51350 CORMONTREUIL",
      "city": "51350 CORMONTREUIL",
      "personalPhone": "03 26 82 58 91"
    },
    {
      "lastName": "HENRY",
      "firstName": "Jean Marie",
      "address": "9, cours Anatole France 51100 REIMS",
      "city": "51100 REIMS",
      "personalPhone": "03 26 47 25 21",
      "mobilePhone": "06 89 22 76 66",
      "email": "jhenry4@orange.fr"
    },
    {
      "lastName": "GERARDIN",
      "firstName": "Anne",
      "address": "8 rue de la retourne 08310 MONT ST REMY",
      "city": "08310 MONT ST REMY",
      "personalPhone": "03 24 30 37 64",
      "mobilePhone": "06 03 24 52 94",
      "email": "anne.dhuicq@laposte.net"
    },
    {
      "lastName": "MAGISSON",
      "firstName": "Philippe",
      "address": "5 rue Alphonse Detr\u00e9es 51370 SAINT BRICE COURCELLES",
      "city": "51370 SAINT BRICE COURCELLES",
      "personalPhone": "03 26 87 24 51",
      "mobilePhone": "06 73 62 68 66",
      "email": "philippe.magisson@wanadoo.fr"
    },
    {
      "lastName": "KNAEBEL",
      "firstName": "Sophie",
      "address": "12, rue d'Ouessant 51510 FAGNIERES",
      "city": "51510 FAGNIERES",
      "personalPhone": "03 26 21 32 85",
      "mobilePhone": "06 12 78 36 44",
      "email": "soph.knaebel@free.fr"
    },
    {
      "lastName": "DELTRIAN",
      "personalPhone": "04 78 75 40 06",
      "professionalPhone": "04 78 75 37 12",
      "mobilePhone": "06 22 29 46 87"
    },
    {
      "lastName": "DUPONT",
      "firstName": "Francis",
      "address": "21bisA rue passe demoiselles 51100 REIMS",
      "city": "51100 REIMS",
      "mobilePhone": "06 75 25 02 68",
      "email": "francis.dupont51@orange.fr"
    },
    {
      "lastName": "nord motors",
      "personalPhone": "03 21 88 12 37",
      "professionalPhone": "03 21 88 12 38"
    },
    {
      "lastName": "Radio Spare",
      "personalPhone": "08 25 03 40 34",
      "professionalPhone": "08 25 34 50 00"
    },
    {
      "lastName": "DUMONT",
      "firstName": "Daniel",
      "address": "18 rue des longosses 97430 St Gilles les Bains La R\u00e9union",
      "city": "97430 St Gilles les Bains La R\u00e9union",
      "mobilePhone": "06 92 77 01 39",
      "email": "daniel.paul.dumont@wanadoo.fr"
    },
    {
      "lastName": "VINAMATA",
      "firstName": "Javier",
      "address": "13, rue du Mont d'Or 51530 MOUSSY",
      "city": "51530 MOUSSY",
      "personalPhone": "03 26 54 01 29",
      "mobilePhone": "06 16 67 00 40",
      "email": "vinamata@aol.com"
    },
    {
      "lastName": "LESOEUR KUHN",
      "firstName": "Elisabeth",
      "address": "20, rue Louis Bablot 51000 CHALONS EN CHAMPAGNE",
      "city": "51000 CHALONS EN CHAMPAGNE",
      "personalPhone": "03 26 21 75 37"
    },
    {
      "lastName": "DRILLAUD",
      "firstName": "Marie",
      "address": "28 all\u00e9e des accacias 51140 JONCHERY SUR VESLE",
      "city": "51140 JONCHERY SUR VESLE",
      "personalPhone": "03 26 48 23 03",
      "email": "andre.drillaud@wanadoo.fr"
    },
    {
      "lastName": "ROBERT",
      "firstName": "Suzy",
      "address": "75 Grande rue 51800 PASSAVANT EN ARGONNE",
      "city": "51800 PASSAVANT EN ARGONNE",
      "personalPhone": "03 26 60 35 62",
      "mobilePhone": "06 87 81 19 50",
      "email": "suzy231@live.fr"
    },
    {
      "lastName": "PONCINET",
      "firstName": "Michelle",
      "address": "21bisA rue passe demoiselles 51100 REIMS",
      "city": "51100 REIMS",
      "mobilePhone": "06 64 90 35 08",
      "email": "m.poncinet@hotmail.fr"
    },
    {
      "lastName": "Siemens",
      "professionalPhone": "04 37 54 46 40"
    },
    {
      "lastName": "TOUSSAINT",
      "firstName": "Marlene",
      "address": "86 rue St Thierry 51100 REIMS",
      "city": "51100 REIMS",
      "personalPhone": "09 81 97 15 58",
      "mobilePhone": "06 66 75 02 26",
      "email": "marlenet51@gmail.com"
    },
    {
      "lastName": "atelier perrin",
      "personalPhone": "04 78 83 78 50",
      "professionalPhone": "04 78 64 86 23"
    },
    {
      "lastName": "CEDEO",
      "personalPhone": "04 76 22 90 60",
      "professionalPhone": "01 70 37 03 36"
    },
    {
      "lastName": "RONEZ",
      "firstName": "Nicole",
      "address": "24 rue des charretiers 51600 SOMME SUIPPE",
      "city": "51600 SOMME SUIPPE",
      "personalPhone": "03 26 70 13 19"
    },
    {
      "lastName": "JILCOT",
      "firstName": "Michelle",
      "address": "50 rue Jacques Fourrier 02400 ESSOMMES S/MARNE",
      "city": "02400 ESSOMMES S/MARNE",
      "mobilePhone": "06 84 33 82 72",
      "email": "michelle77ji@gmail.com"
    },
    {
      "lastName": "Daikin",
      "personalPhone": "04 72 15 24 80",
      "professionalPhone": "04 72 15 23 39"
    },
    {
      "lastName": "BOURGERY",
      "firstName": "Elisabeth",
      "address": "3, Rue du Cardinal Suhard 51100 REIMS",
      "city": "51100 REIMS",
      "personalPhone": "03 26 85 64 88",
      "mobilePhone": "06 28 90 59 72",
      "email": "bettiebourgery@gmail.com"
    },
    {
      "lastName": "FIPA",
      "personalPhone": "04 74 61 55 43",
      "professionalPhone": "04 74 61 55 51"
    },
    {
      "lastName": "BLOKKER",
      "firstName": "Kees Dirk",
      "address": "7, rue heureuse 02140 PLOMION",
      "city": "02140 PLOMION",
      "mobilePhone": "06 69 56 26 65",
      "email": "keesdirk.blokker@nordnet.fr"
    },
    {
      "lastName": "RAMPONT",
      "firstName": "Eliane",
      "address": "8 rue Caqu\u00e9 51100 REIMS",
      "city": "51100 REIMS",
      "personalPhone": "03 26 47 36 41",
      "mobilePhone": "06 14 01 30 27",
      "email": "elianerampont@free.fr"
    },
    {
      "lastName": "Aermec",
      "personalPhone": "04 74 09 00 38",
      "professionalPhone": "04 74 09 09 88"
    },
    {
      "lastName": "BROSSETTE",
      "address": "Amb\u00e9rieu",
      "city": "Amb\u00e9rieu",
      "personalPhone": "04 74 38 32 98",
      "professionalPhone": "04 74 38 46 37"
    },
    {
      "lastName": "FLAMENT",
      "firstName": "Jean Bernard",
      "address": "21 rue du Mont Cliquot 51500 TAISSY",
      "city": "51500 TAISSY",
      "personalPhone": "03 26 82 20 68",
      "mobilePhone": "06 83 36 47 52",
      "email": "jean.b.flament@wanadoo.fr"
    },
    {
      "lastName": "COLIN",
      "firstName": "Marie Therese",
      "address": "1, rue de Villers 51480 REUIL",
      "city": "51480 REUIL",
      "personalPhone": "03 26 58 32 25",
      "mobilePhone": "06 18 42 69 32",
      "email": "mtzcolin@yahoo.fr"
    },
    {
      "lastName": "VACHE",
      "firstName": "Roger",
      "address": "54 rue de la maladrerie 51100 REIMS",
      "city": "51100 REIMS",
      "mobilePhone": "06 72 01 36 99",
      "email": "rogervache@hotmail.fr"
    },
    {
      "lastName": "RUINART",
      "firstName": "Thierry",
      "address": "10 chemin de la couture 51110 POMACLE",
      "city": "51110 POMACLE",
      "personalPhone": "03 26 97 04 90",
      "mobilePhone": "06 07 64 11 35",
      "email": "ruinartt@wanadoo.fr"
    },
    {
      "lastName": "TREHEUX",
      "firstName": "Marie H\u00e9l\u00e8ne",
      "address": "17 enceinte de Digogne 89270 ARCY SUR CURE",
      "city": "89270 ARCY SUR CURE",
      "personalPhone": "03 86 42 17 40",
      "mobilePhone": "06 60 29 99 19",
      "email": "marie helene.treheux@laposte.net"
    },
    {
      "lastName": "COLLIN",
      "firstName": "Michelle",
      "address": "73, rue des Barres 51120 SOIZY AUX BOIS",
      "city": "51120 SOIZY AUX BOIS",
      "personalPhone": "03 26 80 36 61",
      "email": "michelle.collin@free.fr"
    },
    {
      "lastName": "FORTIN",
      "firstName": "Claude",
      "address": "30 rue des Moulins 51100 REIMS",
      "city": "51100 REIMS",
      "personalPhone": "03 51 08 63 15",
      "mobilePhone": "06 34 02 54 04",
      "email": "claude.fortin@sfr.fr"
    },
    {
      "lastName": "CIAT",
      "personalPhone": "08 26 10 13 55",
      "professionalPhone": "04 79 42 42 10"
    },
    {
      "lastName": "CHARLIER",
      "firstName": "Jean Michel",
      "address": "1, square des Vignes Blanches 51200 EPERNAY",
      "city": "51200 EPERNAY",
      "personalPhone": "03 26 55 61 97",
      "email": "jeanmichelcharlier@sfr.fr"
    },
    {
      "lastName": "Trend",
      "personalPhone": "04 74 82 72 40",
      "professionalPhone": "04 74 94 79 82"
    },
    {
      "lastName": "FERT",
      "firstName": "Sylvie",
      "address": "21 rue Paul C\u00e9zanne 51000 CHALONS EN CHAMPAGNE",
      "city": "51000 CHALONS EN CHAMPAGNE",
      "personalPhone": "03 26 21 17 50",
      "mobilePhone": "06 72 46 68 25",
      "email": "sylviefert8@orange.fr"
    },
    {
      "lastName": "LIVERNEAUX",
      "firstName": "Jeannine",
      "address": "5, rue du Dr Chappaz 51100 REIMS",
      "city": "51100 REIMS",
      "personalPhone": "03 26 08 45 97",
      "mobilePhone": "06 86 84 28 28"
    },
    {
      "lastName": "POUPLY",
      "firstName": "Sylvie",
      "address": "1 rue Colbert 08300 RETHEL",
      "city": "08300 RETHEL",
      "mobilePhone": "06 01 06 26 70",
      "email": "pouply.sylvie@neuf.fr"
    },
    {
      "lastName": "CHOBEAU",
      "firstName": "Jean",
      "address": "6 rue Th\u00e9r\u00e9se Michel 51520 ST MARTIN SUR LE PRE",
      "city": "51520 ST MARTIN SUR LE PRE",
      "personalPhone": "09 52 77 22 32",
      "mobilePhone": "06 38 88 46 03",
      "email": "jean.chobeau@free.fr"
    },
    {
      "lastName": "TRANE",
      "personalPhone": "04 72 52 28 79",
      "professionalPhone": "04 72 52 28 97",
      "email": "Parts center france@trane.com"
    },
    {
      "lastName": "CHARDON",
      "firstName": "Claire",
      "address": "4, rue Lanson 51100 REIMS",
      "city": "51100 REIMS",
      "mobilePhone": "06 89 73 15 07",
      "email": "chardclaire@hotmail.com"
    },
    {
      "lastName": "RAGOT",
      "firstName": "Fran\u00e7oise",
      "address": "3A rue du chalet 51100 REIMS",
      "city": "51100 REIMS",
      "mobilePhone": "06 05 61 42 08",
      "email": "fragot@sfr.fr"
    },
    {
      "lastName": "MARET",
      "firstName": "Francoise",
      "address": "20 av. de Ch\u00e2teau Thierry 02400 NOGENTEL",
      "city": "02400 NOGENTEL",
      "personalPhone": "03 23 69 93 89",
      "mobilePhone": "06 71 72 52 25",
      "email": "fmaret@orange.fr"
    },
    {
      "lastName": "MOUZON",
      "firstName": "Emilie",
      "address": "19 rue de la tuilerie 51390 GUEUX",
      "city": "51390 GUEUX",
      "personalPhone": "03 26 03 48 22",
      "mobilePhone": "06 76 06 10 34",
      "email": "emiliemouz@free.fr"
    },
    {
      "lastName": "LE MEE",
      "firstName": "Jean Michel",
      "address": "12, all\u00e9e des genets 51420 WITRY LES REIMS",
      "city": "51420 WITRY LES REIMS",
      "personalPhone": "03 26 97 24 46",
      "mobilePhone": "06 36 97 24 46",
      "email": "jeanmichel.lemee@orange.fr"
    },
    {
      "lastName": "GUILLEMAN",
      "firstName": "Muguette",
      "address": "22a Aulnois 02400 ESSOMMES S/MARNE",
      "city": "02400 ESSOMMES S/MARNE",
      "personalPhone": "03 23 70 82 30",
      "mobilePhone": "06 88 78 06 25",
      "email": "muguette.guilleman@orange.fr"
    },
    {
      "lastName": "DUVAL",
      "firstName": "Michel",
      "address": "33, avenue de la Gare 02550 ORIGNY EN THIERACHE",
      "city": "02550 ORIGNY EN THIERACHE",
      "personalPhone": "03 23 98 41 38"
    },
    {
      "lastName": "ROBIN",
      "firstName": "Francine",
      "address": "1 rue St Martin 51110 FRESNE LES REIMS",
      "city": "51110 FRESNE LES REIMS",
      "personalPhone": "03 26 97 53 03",
      "email": "p.robin@cder.fr"
    },
    {
      "lastName": "Delabie",
      "personalPhone": "03 22 60 22 74"
    },
    {
      "lastName": "MERCIER",
      "firstName": "Jean Remy",
      "address": "21, rue de Witry 51100 REIMS",
      "city": "51100 REIMS",
      "mobilePhone": "06 17 91 17 77",
      "email": "jean remymercier@neuf.fr"
    },
    {
      "lastName": "HOSPITAL",
      "firstName": "Michelle",
      "address": "2 route de Coeuvres 02600 CUTRY",
      "city": "02600 CUTRY",
      "personalPhone": "03 23 55 80 29",
      "mobilePhone": "06 08 91 36 96",
      "email": "michelle.hospital@wanadoo.fr"
    },
    {
      "lastName": "LEJAY",
      "firstName": "Andr\u00e9",
      "address": "7 avenue Fran\u00e7ois Mauriac 51100 REIMS",
      "city": "51100 REIMS",
      "personalPhone": "03 26 08 50 33",
      "mobilePhone": "06 38 44 46 26",
      "email": "andrevero.lejay@orange.fr"
    },
    {
      "lastName": "TRANE",
      "professionalPhone": "04 72 52 28 97"
    },
    {
      "lastName": "CALI",
      "firstName": "Gilbert",
      "address": "8, rue Charles Louis 51200 EPERNAY",
      "city": "51200 EPERNAY",
      "personalPhone": "03 26 54 21 28",
      "mobilePhone": "06 72 30 65 95",
      "email": "gilbert.cali@orange.fr"
    },
    {
      "lastName": "HOSSON",
      "firstName": "Patrick",
      "address": "4 clos st Martin 51110 FRESNES LES REIMS",
      "city": "51110 FRESNES LES REIMS",
      "personalPhone": "03 26 97 16 32",
      "mobilePhone": "06 45 79 37 74",
      "email": "patrick.hosson@orange.fr"
    },
    {
      "lastName": "RADELET",
      "firstName": "Maryse",
      "address": "5, rue St Antoine 51500 SERMIERS",
      "city": "51500 SERMIERS",
      "personalPhone": "03 26 97 64 40",
      "mobilePhone": "06 09 71 11 75",
      "email": "maryse.henri@cegetel.net"
    },
    {
      "lastName": "DRILLAUD",
      "firstName": "Andr\u00e9",
      "address": "28,all\u00e9e des accacias 51140 JONCHERY SUR VESLE",
      "city": "51140 JONCHERY SUR VESLE",
      "personalPhone": "03 26 48 23 03",
      "mobilePhone": "06 61 34 04 91",
      "email": "andre.drillaud@wanadoo.fr"
    },
    {
      "lastName": "PARANT",
      "firstName": "Brigitte",
      "address": "1 all\u00e9e du jaillot 51110 BOURGOGNE",
      "city": "51110 BOURGOGNE",
      "personalPhone": "03 26 97 55 29",
      "mobilePhone": "06 01 33 11 62",
      "email": "bg.parant@orange.fr"
    },
    {
      "lastName": "Leroy somer",
      "personalPhone": "04 72 47 77 11",
      "professionalPhone": "04 72 47 77 29"
    },
    {
      "lastName": "KRIEGEL",
      "firstName": "Michelle",
      "address": "17 rue de Chevign\u00e9 51100 REIMS",
      "city": "51100 REIMS",
      "personalPhone": "03 26 47 72 19",
      "mobilePhone": "06 50 87 52 72"
    },
    {
      "lastName": "Chromalox Etirex",
      "personalPhone": "04 78 85 81 85",
      "professionalPhone": "03 23 74 39 00"
    },
    {
      "lastName": "JPG"
    },
    {
      "lastName": "RONEZ",
      "firstName": "Regis",
      "address": "24 rue des charretiers 51600 SOMME SUIPPE",
      "city": "51600 SOMME SUIPPE",
      "mobilePhone": "06 86 78 64 83",
      "email": "regis.ronez@wanadoo.fr"
    },
    {
      "lastName": "NOEL",
      "firstName": "Denise",
      "address": "59, rue Henri Barbusse 51100 REIMS",
      "city": "51100 REIMS",
      "personalPhone": "03 26 47 89 20",
      "mobilePhone": "06 87 86 34 19",
      "email": "denise.noel0855@laposte.net"
    },
    {
      "lastName": "GARNON",
      "firstName": "G\u00e9rard",
      "address": "15 Rue Lucien Leger 51350 CORMONTREUIL",
      "city": "51350 CORMONTREUIL",
      "personalPhone": "03 26 82 58 91",
      "email": "gerard.garnon@free.fr"
    },
    {
      "lastName": "CLASSINE",
      "firstName": "Jean Marie",
      "address": "4 rue du commerce 51490 ST MARTIN L'HEUREUX",
      "city": "51490 ST MARTIN L'HEUREUX",
      "personalPhone": "03 26 03 70 27",
      "mobilePhone": "07 85 46 06 92",
      "email": "jean marie.classine@wanadoo.fr"
    },
    {
      "lastName": "LEPORE",
      "firstName": "Rino",
      "address": "1932 chemin des oies 62920 GONNEHEM",
      "city": "62920 GONNEHEM",
      "personalPhone": "03 21 65 78 56",
      "mobilePhone": "06 75 43 34 79",
      "email": "rino@lepore.fr"
    },
    {
      "lastName": "DEXIS",
      "personalPhone": "04 72 47 12 73",
      "professionalPhone": "04 78 49 42 92",
      "email": "amanet@dexis.eu"
    },
    {
      "lastName": "RADELET",
      "firstName": "Henri",
      "address": "5, rue St Antoine 51500 SERMIERS",
      "city": "51500 SERMIERS",
      "personalPhone": "03 26 97 64 40",
      "mobilePhone": "06 51 91 45 47",
      "email": "maryse.henri@cegetel.net"
    },
    {
      "lastName": "CASTELAIN",
      "firstName": "Isabelle",
      "address": "1932 chemin des oies 62920 GONNEHEM",
      "city": "62920 GONNEHEM",
      "personalPhone": "03 21 65 78 56",
      "mobilePhone": "06 75 43 37 79",
      "email": "isabelle@lepore.fr"
    },
    {
      "lastName": "Descours et Cabaux",
      "address": "Bourgoin jallieu",
      "city": "Bourgoin jallieu",
      "personalPhone": "04 74 43 57 20",
      "professionalPhone": "04 74 43 57 21",
      "email": "dc raa@prolians.eu"
    },
    {
      "lastName": "MAUCLERT",
      "firstName": "Alain",
      "address": "6 Rue de la croix rouge 51300 HUIRON",
      "city": "51300 HUIRON",
      "email": "alain.mauclert@laposte.net"
    },
    {
      "lastName": "CHAROT",
      "personalPhone": "03 86 64 73 73",
      "professionalPhone": "03 86 95 21 83"
    },
    {
      "lastName": "CAMFIL",
      "personalPhone": "01 46 52 48 33",
      "professionalPhone": "01 46 52 49 88",
      "email": "yamina.imamali@camfil.fr"
    },
    {
      "lastName": "Rolesco",
      "personalPhone": "04 78 67 14 71",
      "professionalPhone": "04 78 67 13 59"
    },
    {
      "lastName": "PERGENT",
      "firstName": "Jean Luc",
      "address": "16 r\u00e9sidence des Moulins 51120 SEZANNE",
      "city": "51120 SEZANNE",
      "personalPhone": "03 10 18 60 58",
      "mobilePhone": "06 25 46 49 93",
      "email": "jlc.pergent@hotmail.fr"
    },
    {
      "lastName": "LALLEMENT",
      "firstName": "Francoise",
      "address": "5, allee Marcel Carne 51430 TINQUEUX",
      "city": "51430 TINQUEUX",
      "personalPhone": "03 26 84 03 85"
    },
    {
      "lastName": "Honeywell venissieux",
      "personalPhone": "04 78 78 96 00",
      "professionalPhone": "04 78 78 96 19",
      "mobilePhone": "06 07 91 40 64"
    },
    {
      "lastName": "FONTAINE",
      "firstName": "Gilles",
      "address": "34 rue du Docteur Doyen 51100 REIMS",
      "city": "51100 REIMS",
      "mobilePhone": "06 81 86 08 32",
      "email": "gil.fontaine@gmail.com"
    },
    {
      "lastName": "HARMAND",
      "firstName": "Annie",
      "address": "4, rue Farman 51400 LIVRY LOUVERCY",
      "city": "51400 LIVRY LOUVERCY",
      "personalPhone": "03 26 66 04 80",
      "mobilePhone": "06 08 89 57 59",
      "email": "annie.harmand@orange.fr"
    },
    {
      "lastName": "TURQUIN",
      "firstName": "Monique",
      "address": "13 avenue Henri Becquerel 51000 CHALONS EN CHAMPAGNE",
      "city": "51000 CHALONS EN CHAMPAGNE",
      "personalPhone": "03 26 67 72 03",
      "mobilePhone": "06 49 98 63 09",
      "email": "monique.turquin@wanadoo.fr"
    },
    {
      "lastName": "parker",
      "address": "142 rue de la For\u00eat 74130 Contamine sur Arve",
      "city": "74130 Contamine sur Arve",
      "personalPhone": "04 50 25 80 25",
      "professionalPhone": "04 50 97 86 53",
      "mobilePhone": "06 83 87 94 86"
    },
    {
      "lastName": "BOUCHER",
      "firstName": "Alain",
      "address": "14 rue de Sisley 91330 YERRES",
      "city": "91330 YERRES",
      "mobilePhone": "06 12 24 23 13",
      "email": "alain.boucher@gmail.com"
    },
    {
      "lastName": "HOSPITAL",
      "firstName": "Philippe",
      "address": "2 route de Coeuvres 02600 CUTRY",
      "city": "02600 CUTRY",
      "personalPhone": "03 23 55 80 29",
      "mobilePhone": "06 79 05 90 01",
      "email": "philippe.hospital@wanadoo.fr"
    },
    {
      "lastName": "Teddington",
      "personalPhone": "01 41 47 71 71",
      "professionalPhone": "01 47 99 95 95"
    },
    {
      "lastName": "ROBINET",
      "firstName": "Bernard",
      "address": "36, rue Perseval 51100 REIMS",
      "city": "51100 REIMS",
      "personalPhone": "03 26 88 41 16",
      "mobilePhone": "06 73 44 74 91",
      "email": "ba.robinet@free.fr"
    },
    {
      "lastName": "GUILLAUME",
      "firstName": "Jean Luc",
      "address": "3, place Lucien Sampaix 08200 SEDAN",
      "city": "08200 SEDAN",
      "personalPhone": "03 24 29 10 96",
      "email": "ev.guillaume@laposte.net"
    },
    {
      "lastName": "BONIN",
      "firstName": "Fran\u00e7ois",
      "address": "9 chemin de la garenne 51170 VILLE EN TARDENOIS",
      "city": "51170 VILLE EN TARDENOIS",
      "personalPhone": "03 26 61 88 49",
      "mobilePhone": "06 14 56 91 59",
      "email": "francois.bonin1@free.fr"
    },
    {
      "lastName": "GREMION",
      "firstName": "Claude",
      "address": "20, rue de Reims 51390 GUEUX",
      "city": "51390 GUEUX",
      "personalPhone": "03 26 03 66 89",
      "mobilePhone": "06 64 96 20 01",
      "email": "claude.gremion@orange.fr"
    },
    {
      "lastName": "COUTELET",
      "firstName": "Claudine",
      "address": "36 route de Bazancourt 51110 ISLES SUR SUIPPE",
      "city": "51110 ISLES SUR SUIPPE",
      "personalPhone": "03 26 03 84 41",
      "mobilePhone": "06 10 43 57 44",
      "email": "jp.coutelet@orange.fr"
    },
    {
      "lastName": "DA SILVA",
      "firstName": "Mabilia",
      "address": "6, all\u00e9e Auguste Lantin 51430 TINQUEUX",
      "city": "51430 TINQUEUX",
      "personalPhone": "03 26 08 62 79",
      "mobilePhone": "06 28 42 19 09",
      "email": "mabilia.da silva@laposte.net"
    },
    {
      "lastName": "SCHEINER",
      "firstName": "Marie Lise",
      "address": "17 rue des jardins 51100 REIMS",
      "city": "51100 REIMS",
      "personalPhone": "03 26 04 54 50",
      "mobilePhone": "06 98 44 64 39",
      "email": "mlise.scheiner@orange.fr"
    },
    {
      "lastName": "PINNELLI",
      "firstName": "Bernadette",
      "address": "2, galerie des Baleares   Appt 7 D 51100 REIMS",
      "city": "51100 REIMS",
      "personalPhone": "03 26 85 82 54",
      "mobilePhone": "06 86 21 17 61",
      "email": "bernadette.pinnelli@orange.fr"
    },
    {
      "lastName": "ROBINET",
      "firstName": "Annick",
      "address": "36, rue Perseval 51100 REIMS",
      "city": "51100 REIMS",
      "email": "annick.robinet@free.fr"
    },
    {
      "lastName": "Escudier sas",
      "address": "ZAC de l'Arsenal BP 217 6 rue Marius Martin 69632 VENISSIEUX",
      "city": "69632 VENISSIEUX",
      "personalPhone": "04 72 90 89 89",
      "professionalPhone": "04 72 51 34 82"
    },
    {
      "lastName": "POCQUET",
      "firstName": "Blandine",
      "address": "6 rue Jean S\u00e9bastien Bach 51200 EPERNAY",
      "city": "51200 EPERNAY",
      "personalPhone": "03 26 59 29 56",
      "mobilePhone": "06 04 44 89 37",
      "email": "pocquet.blandine@laposte.net"
    },
    {
      "lastName": "REDON",
      "firstName": "Jean Yves",
      "address": "156 rue Ponsardin 51100 REIMS",
      "city": "51100 REIMS",
      "mobilePhone": "07 81 33 92 58",
      "email": "jean yves.redon@wanadoo.fr"
    },
    {
      "lastName": "MACHET",
      "firstName": "Pascal",
      "address": "2 rue Micaille 51380 VAUDEMANGE",
      "city": "51380 VAUDEMANGE",
      "personalPhone": "03 26 67 96 10",
      "mobilePhone": "06 08 64 02 96",
      "email": "pascalmachet@orange.fr"
    },
    {
      "lastName": "MARECHAL",
      "firstName": "G\u00e9rard",
      "address": "47 rue des Telliers 51100 REIMS",
      "city": "51100 REIMS",
      "personalPhone": "03 26 47 64 88",
      "mobilePhone": "06 84 72 32 57",
      "email": "gerardandree.marechal@orange.fr"
    },
    {
      "lastName": "COFRISET",
      "address": "76800 Saint Etienne de Rouvray",
      "city": "76800 Saint Etienne de Rouvray",
      "personalPhone": "02 35 32 23 65",
      "professionalPhone": "02 35 66 38 50"
    },
    {
      "lastName": "BLOKKER",
      "firstName": "Vu\u00ffk Yolanda",
      "address": "7, rue heureuse 02140 PLOMION",
      "city": "02140 PLOMION",
      "mobilePhone": "06 69 56 26 65",
      "email": "yvuijk@gmail.com"
    },
    {
      "lastName": "BONIN",
      "firstName": "Janette",
      "address": "9 chemin de la garenne 51170 VILLE EN TARDENOIS",
      "city": "51170 VILLE EN TARDENOIS",
      "personalPhone": "03 26 61 88 49",
      "mobilePhone": "06 14 56 91 59",
      "email": "janette.bonin@free.fr"
    },
    {
      "lastName": "LEPORE",
      "firstName": "louana",
      "address": "1932 chemin des oies 62920 GONNEHEM",
      "city": "62920 GONNEHEM",
      "personalPhone": "03 21 65 78 56",
      "mobilePhone": "06 75 43 34 79"
    },
    {
      "lastName": "BOUBY",
      "firstName": "Gabrielle",
      "address": "10 rue millesime 51700 VILLERS SOUS CHATILLON",
      "city": "51700 VILLERS SOUS CHATILLON",
      "personalPhone": "03 26 51 27 79",
      "mobilePhone": "07 82 37 36 12",
      "email": "gabriellemalagu@yahoo.fr"
    },
    {
      "lastName": "SPANNEUT",
      "firstName": "Alain",
      "address": "1, rue de Cauroy 51220 VILLERS FRANQUEUX",
      "city": "51220 VILLERS FRANQUEUX",
      "personalPhone": "03 26 61 57 57",
      "mobilePhone": "06 75 04 79 86",
      "email": "spanneut.alain@wanadoo.fr"
    },
    {
      "lastName": "PUECH",
      "firstName": "Patrick",
      "address": "6 rue de Sillery 51500 TAISSY",
      "city": "51500 TAISSY",
      "personalPhone": "03 26 85 67 04",
      "mobilePhone": "06 18 28 02 96",
      "email": "pppuech@club internet.fr"
    },
    {
      "lastName": "FLINOIS",
      "firstName": "Dominique",
      "address": "9 rue Lamouche 51100 REIMS",
      "city": "51100 REIMS",
      "personalPhone": "03 51 24 38 66",
      "mobilePhone": "06 24 58 17 16",
      "email": "dominique.flinois51@gmail.com"
    },
    {
      "lastName": "COLEGRAVE",
      "firstName": "Sylvie",
      "address": "10 rue Marie Stuart 51100 REIMS",
      "city": "51100 REIMS",
      "personalPhone": "09 83 55 39 22",
      "mobilePhone": "06 65 48 34 47",
      "email": "foria.colegrave@gmail.com"
    },
    {
      "lastName": "MOUZON",
      "firstName": "Patrick",
      "address": "19 rue de la tuilerie 51390 GUEUX",
      "city": "51390 GUEUX",
      "personalPhone": "03 26 03 48 22",
      "mobilePhone": "06 76 06 10 34"
    },
    {
      "lastName": "LARCHER",
      "firstName": "Ghislaine",
      "address": "10 rue Andr\u00e9 Faivre 51100 REIMS",
      "city": "51100 REIMS",
      "personalPhone": "03 26 36 01 26",
      "mobilePhone": "06 71 16 13 95",
      "email": "ghislaine.larcher@wanadoo.fr"
    },
    {
      "lastName": "LOUVIOT",
      "firstName": "Fran\u00e7ois",
      "address": "12, rue Blin 61100 FLERS",
      "city": "61100 FLERS",
      "mobilePhone": "06 09 42 93 76",
      "email": "francois.louviot@wanadoo.fr"
    },
    {
      "lastName": "NGUYEN NGOC",
      "firstName": "Long",
      "address": "124 Bd vasco de Gama 51100 REIMS",
      "city": "51100 REIMS",
      "personalPhone": "03 26 36 18 61",
      "mobilePhone": "06 26 24 20 84",
      "email": "nguyenngoclong@free.fr"
    },
    {
      "lastName": "Mitsubishi",
      "professionalPhone": "01 55 68 57 35"
    },
    {
      "lastName": "GUYOT",
      "firstName": "Anne Marie",
      "address": "118 bd Vasco de Gama 51100 REIMS",
      "city": "51100 REIMS",
      "mobilePhone": "06 68 54 73 08"
    },
    {
      "lastName": "HARMAND",
      "firstName": "Jean Louis",
      "address": "4, rue Farman 51400 LIVRY LOUVERCY",
      "city": "51400 LIVRY LOUVERCY",
      "personalPhone": "03 26 66 04 80",
      "mobilePhone": "06 48 35 12 45",
      "email": "jeanlouis.harmand@orange.fr"
    },
    {
      "lastName": "FRITEC",
      "address": "69 Saint Fons",
      "city": "69 Saint Fons",
      "personalPhone": "04 72 76 51 11",
      "professionalPhone": "04 72 76 51 19"
    },
    {
      "lastName": "PARISOT LAMAND",
      "firstName": "Jeannine",
      "address": "38, rue Lagrive 51100 REIMS",
      "city": "51100 REIMS",
      "mobilePhone": "06 84 17 80 91",
      "email": "jp paris@orange.fr"
    },
    {
      "lastName": "JAGUIN",
      "firstName": "Florine",
      "address": "12 rue St Martin 51220 HERMONVILLE",
      "city": "51220 HERMONVILLE",
      "personalPhone": "03 26 08 90 57",
      "mobilePhone": "06 19 67 78 83",
      "email": "florine.jaguin@gmail.com"
    },
    {
      "lastName": "LACOMBLEZ",
      "firstName": "Pascal",
      "address": "1 all\u00e9e Edington 51100 REIMS",
      "city": "51100 REIMS",
      "mobilePhone": "06 69 10 44 18",
      "email": "pascal.lacomblez@bbox.fr"
    },
    {
      "lastName": "GFF",
      "address": "69676 Bron",
      "city": "69676 Bron",
      "personalPhone": "04 72 81 18 18",
      "professionalPhone": "04 72 81 18 01"
    },
    {
      "lastName": "BROSSETTE",
      "address": "Bourgoin",
      "city": "Bourgoin",
      "personalPhone": "04 74 28 26 00",
      "professionalPhone": "04 74 28 29 37",
      "email": "laurie.montet@brossette.fr"
    },
    {
      "lastName": "PUECH",
      "firstName": "Pascale",
      "address": "6 rue de Sillery 51500 TAISSY",
      "city": "51500 TAISSY",
      "personalPhone": "03 26 85 67 04",
      "mobilePhone": "06 64 36 25 54"
    },
    {
      "lastName": "PARISOT",
      "firstName": "Yvette",
      "address": "BP 2047 51072 REIMS",
      "city": "51072 REIMS",
      "personalPhone": "03 26 49 98 00",
      "mobilePhone": "06 78 76 53 73",
      "email": "yv.parisot a@netcourrier.com"
    },
    {
      "lastName": "GERARDIN",
      "firstName": "Robert",
      "address": "17 rue de Chevign\u00e9 51100 REIMS",
      "city": "51100 REIMS",
      "personalPhone": "03 26 47 72 19",
      "mobilePhone": "06 50 87 52 72",
      "email": "RGMK@orange.fr"
    },
    {
      "lastName": "ELIE",
      "firstName": "Michel",
      "address": "10 rue du Dr Baye 51480 DAMERY",
      "city": "51480 DAMERY",
      "personalPhone": "03 26 58 63 11",
      "mobilePhone": "06 35 90 56 48",
      "email": "mauricette.elie@orange.fr"
    },
    {
      "lastName": "MOLEZ",
      "firstName": "Denis",
      "address": "18 rue grande Etape 51000 CHALONS EN CHAMPAGNE",
      "city": "51000 CHALONS EN CHAMPAGNE",
      "mobilePhone": "06 84 84 97 18",
      "email": "denis.molez@gmail.com"
    },
    {
      "lastName": "FRIGERIO",
      "firstName": "Michele",
      "address": "23, rue Jobert Lucas 51100 REIMS",
      "city": "51100 REIMS",
      "personalPhone": "09 62 50 76 46",
      "mobilePhone": "06 82 43 67 27",
      "email": "michele.frigerio@wanadoo.fr"
    },
    {
      "lastName": "DISCO FROID",
      "address": "Avignon",
      "city": "Avignon",
      "personalPhone": "04 90 89 10 13",
      "professionalPhone": "04 90 27 11 24"
    },
    {
      "lastName": "VERDELET",
      "firstName": "Brigitte",
      "address": "11 grande rue 51110 HEUTREGIVILLE",
      "city": "51110 HEUTREGIVILLE",
      "personalPhone": "03 26 48 70 40",
      "email": "brigitte.verdelet@laposte.net"
    },
    {
      "lastName": "BENOLIEL",
      "firstName": "Pascal",
      "address": "31, rue Paulin Paris 51100 REIMS",
      "city": "51100 REIMS",
      "personalPhone": "03 51 00 44 49",
      "mobilePhone": "06 03 41 68 61",
      "email": "benolielp1@gmail.com"
    },
    {
      "lastName": "BERRODIER",
      "firstName": "Marie Therese",
      "address": "18, rue de la Liberation 51800 SAINTE MENEHOULD",
      "city": "51800 SAINTE MENEHOULD",
      "email": "mariethe.berrodier@orange.fr"
    },
    {
      "lastName": "JAVIN",
      "firstName": "Roger",
      "address": "79, rue de la Commune 51370 SAINT BRICE COURCELLES",
      "city": "51370 SAINT BRICE COURCELLES",
      "personalPhone": "03 26 04 53 91",
      "mobilePhone": "06 10 18 59 48",
      "email": "roger.javin@wanadoo.fr"
    },
    {
      "lastName": "permo",
      "address": "3C, rue Ir\u00e8ne Joliot Curie 38320 Eybens",
      "city": "38320 Eybens",
      "personalPhone": "04 76 14 77 20",
      "professionalPhone": "04 76 14 77 29",
      "mobilePhone": "06 09 85 13 83"
    },
    {
      "lastName": "ADAM",
      "firstName": "No\u00eblle",
      "address": "9 rue des lavoirs 51170 AOUGNY",
      "city": "51170 AOUGNY",
      "personalPhone": "03 26 61 80 71",
      "mobilePhone": "06 79 58 95 65"
    },
    {
      "lastName": "MOUSEL",
      "firstName": "Bernadette",
      "address": "91 rue de S\u00e9bastopol 51100 REIMS",
      "city": "51100 REIMS",
      "personalPhone": "03 26 05 71 16",
      "mobilePhone": "06 29 02 68 02",
      "email": "nadettemousel@orange.fr"
    },
    {
      "lastName": "Roboulcotte",
      "personalPhone": "04 75 53 15 45"
    },
    {
      "lastName": "MOUSEL",
      "firstName": "Bernard",
      "address": "53, rue Ren\u00e9 Cassin 51350 CORMONTREUIL",
      "city": "51350 CORMONTREUIL",
      "mobilePhone": "06 27 30 03 50",
      "email": "mousel.bernard@neuf.fr"
    },
    {
      "lastName": "Mitsubishi",
      "personalPhone": "06 20 00 68 71",
      "professionalPhone": "04 98 03 23 19"
    },
    {
      "lastName": "MENU",
      "firstName": "Henri",
      "address": "34 rue Marie Ognois 51100 REIMS",
      "city": "51100 REIMS",
      "personalPhone": "03 26 36 40 36",
      "mobilePhone": "06 10 23 36 42",
      "email": "riton.vieux@free.fr"
    },
    {
      "lastName": "BOURGAIN",
      "firstName": "Rene",
      "address": "3, rue de Sillery 51100 REIMS",
      "city": "51100 REIMS",
      "personalPhone": "03 26 85 08 66",
      "mobilePhone": "06 13 37 24 70",
      "email": "rene.bourgain0422@orange.fr"
    },
    {
      "lastName": "THIBLET",
      "firstName": "Monique",
      "address": "5 rue Larzilli\u00e8re 51110 FRESNE LES REIMS",
      "city": "51110 FRESNE LES REIMS",
      "personalPhone": "03 26 97 50 33",
      "mobilePhone": "06 87 25 26 95",
      "email": "monique.thiblet@orange.fr"
    },
    {
      "lastName": "Kiloutou Bourgoin",
      "personalPhone": "04 74 19 14 14"
    },
    {
      "lastName": "GUY",
      "firstName": "Daniel",
      "address": "3 rue de la prison du baillage 51100 REIMS",
      "city": "51100 REIMS",
      "personalPhone": "03 26 04 16 26",
      "mobilePhone": "06 10 67 38 20",
      "email": "guydan.guy@wanadoo.fr"
    },
    {
      "lastName": "CHEDEVILLE",
      "firstName": "Marie Ange",
      "address": "17, rue de la Reine Blanche 51120 LACHY",
      "city": "51120 LACHY",
      "personalPhone": "03 26 80 52 02",
      "mobilePhone": "06 75 53 10 16"
    },
    {
      "lastName": "DEVINGT",
      "firstName": "Bernard",
      "address": "24, rue des brasseries 51000 CHALONS EN CHAMPAGNE",
      "city": "51000 CHALONS EN CHAMPAGNE",
      "personalPhone": "09 50 91 76 78",
      "mobilePhone": "06 88 48 62 88",
      "email": "bernardo511@hotmail.fr"
    },
    {
      "lastName": "ABB",
      "personalPhone": "04 37 40 40 00"
    },
    {
      "lastName": "SIE",
      "personalPhone": "04 37 25 29 57",
      "professionalPhone": "04 37 25 28 41",
      "mobilePhone": "06 33 55 98 63"
    },
    {
      "lastName": "LAPORTE",
      "firstName": "Constance",
      "address": "3 bis rue Erhard Govin 51110 BOURGOGNE",
      "city": "51110 BOURGOGNE",
      "personalPhone": "03 26 83 12 44",
      "mobilePhone": "06 85 73 39 44",
      "email": "constance.laporte@orange.fr"
    },
    {
      "lastName": "SAPIN",
      "firstName": "Maurice",
      "address": "67 rue du Gal Gouraud 51400 MOURMELON LE GRAND",
      "city": "51400 MOURMELON LE GRAND",
      "personalPhone": "03 26 66 12 32",
      "email": "sapinmaurice@wanadoo.fr"
    },
    {
      "lastName": "MILLET",
      "firstName": "Marie Francoise",
      "address": "3 rue d'Oseille 51100 REIMS",
      "city": "51100 REIMS",
      "personalPhone": "03 26 85 09 57",
      "mobilePhone": "06 20 14 31 50",
      "email": "marif.millet@laposte.net"
    },
    {
      "lastName": "DEVILLE",
      "firstName": "Patrick",
      "address": "10 rue de l'Hermoine 51110 FRESNE LES REIMS",
      "city": "51110 FRESNE LES REIMS",
      "personalPhone": "09 75 61 98 05",
      "email": "famille deville@wanadoo.fr"
    },
    {
      "lastName": "",
      "address": "23 rue Abraham Moivre 51300 VITRY LE FRANCOIS",
      "city": "51300 VITRY LE FRANCOIS",
      "personalPhone": "09 54 24 04 03",
      "mobilePhone": "06 75 63 24 31",
      "email": "jc.benard42@hotmail.fr"
    }
  ]
}
